USE PROJECT_DB;

INSERT INTO EMPLOYEE (EMP_ID, MEMBERSHIP_ID, FNAME, LNAME, ADDRESS, GENDER, DOB, AGE, EMP_TYPE) VALUES ('E077', 'EMP1000', 'ABHINAV', 'YALAMADDI', '7421 FRANKFORD RD', 'M', '2000-04-30', 22, 'MANAGER');
INSERT INTO EMPLOYEE (EMP_ID, MEMBERSHIP_ID, FNAME, LNAME, ADDRESS, GENDER, DOB, AGE, EMP_TYPE) VALUES ('E089', 'EMP1001', 'HARSHA', 'ELLURU', '7421 FRANKFORD RD', 'M', '2001-04-03', 21, 'DELIVERER');
INSERT INTO EMPLOYEE (EMP_ID, MEMBERSHIP_ID, FNAME, LNAME, ADDRESS, GENDER, DOB, AGE, EMP_TYPE) VALUES ('E064', 'EMP1002', 'SASI', 'VADLANI', 'OHIO DR RD, CINCINNATI', 'M', '2000-10-05', 22, 'STAFF');
INSERT INTO EMPLOYEE (EMP_ID, MEMBERSHIP_ID, FNAME, LNAME, ADDRESS, GENDER, DOB, AGE, EMP_TYPE) VALUES ('E107', 'EMP1003', 'ASHISH', 'IRALA', 'INDIANA BLOOMINGTON', 'M', '2000-11-11', 22, 'MANAGER');
INSERT INTO EMPLOYEE (EMP_ID, MEMBERSHIP_ID, FNAME, MNAME, LNAME, ADDRESS, GENDER, DOB, AGE, EMP_TYPE) VALUES ('E001', 'EMP1004', 'VAMSI', 'KRISHNA', 'BATCHU', '7001 IRVING APT 1033', 'M', '2001-05-12', 21, 'DELIVERER');
INSERT INTO EMPLOYEE (EMP_ID, MEMBERSHIP_ID, FNAME, LNAME, ADDRESS, GENDER, DOB, AGE, EMP_TYPE) VALUES ('E006', 'EMP1005', 'YASWANTH', 'YACHAMANENI', '7421 FRANKFORD RD', 'M', '2000-12-05', 22, 'DELIVERER');
INSERT INTO EMPLOYEE (EMP_ID, MEMBERSHIP_ID, FNAME, LNAME, ADDRESS, GENDER, DOB, AGE, EMP_TYPE) VALUES ('E021', 'EMP1006', 'SAI CHARAN', 'CHANTI', 'NOTHSIDE APARTMENTS 10 BLOCK 38', 'M', '2000-12-03', 22, 'DELIVERER');

INSERT INTO CUSTOMER (CUST_ID, FNAME, LNAME, PHONENUMBER) VALUES ('17MIS7103', 'ASHWIK', 'KONDA', '9181716151');
INSERT INTO CUSTOMER (CUST_ID, FNAME, MNAME, LNAME, PHONENUMBER) VALUES ('17MIS7156', 'VARUN', 'TEJA', 'KONDA', '9876567890');
INSERT INTO CUSTOMER (CUST_ID, FNAME, LNAME, PHONENUMBER) VALUES ('17MIS7120', 'MAHESH', 'LAKSHMINATH', '9988665544');
INSERT INTO CUSTOMER (CUST_ID, FNAME, LNAME, PHONENUMBER) VALUES ('17MIS7122', 'SANDILIYA', 'CHIMALAMARRI', '98877665543');

INSERT INTO PHONE (PH_ID, PHONE_NUMBER) VALUES ('E077', 4692386407);
INSERT INTO PHONE (PH_ID, PHONE_NUMBER) VALUES ('E089', 9665534232);
INSERT INTO PHONE (PH_ID, PHONE_NUMBER) VALUES ('E064', 9848448758);
INSERT INTO PHONE (PH_ID, PHONE_NUMBER) VALUES ('E107', 9182364034);
INSERT INTO PHONE (PH_ID, PHONE_NUMBER) VALUES ('E001', 9441544994);
INSERT INTO PHONE (PH_ID, PHONE_NUMBER) VALUES ('E006', 9542644478);
INSERT INTO PHONE (PH_ID, PHONE_NUMBER) VALUES ('E021', 9618178890);

INSERT INTO MANAGER (MID, AREA) VALUES ('E077', 'RICHARDSON');
INSERT INTO MANAGER (MID, AREA) VALUES ('E107', 'IRVING');

INSERT INTO DELIVERER (DLVER_ID, SUPERVISOR_ID, NUM_DEL) VALUES ('E089', 'E077', 50);
INSERT INTO DELIVERER (DLVER_ID, SUPERVISOR_ID, NUM_DEL) VALUES ('E001', 'E107', 03);
INSERT INTO DELIVERER (DLVER_ID, SUPERVISOR_ID, NUM_DEL) VALUES ('E006', 'E077', 54);
INSERT INTO DELIVERER (DLVER_ID, SUPERVISOR_ID, NUM_DEL) VALUES ('E021', 'E107', 11);

INSERT INTO VHCL_INFO (DEL_ID, PLATE_NO, VCOLOR, VMAKER, VMODEL) VALUES ('E089', 'SXA5565', 'BLACK', 'FORD', 'MUSTANG');
INSERT INTO VHCL_INFO (DEL_ID, PLATE_NO, VCOLOR, VMAKER, VMODEL) VALUES ('E001', 'BOSS112', 'RED', 'BENZ', 'GLS');
INSERT INTO VHCL_INFO (DEL_ID, PLATE_NO, VCOLOR, VMAKER, VMODEL) VALUES ('E006', 'FBB4112', 'GREEN', 'TOYOTA', 'CAMRY');
INSERT INTO VHCL_INFO (DEL_ID, PLATE_NO, VCOLOR, VMAKER, VMODEL) VALUES ('E021', 'YAY6969', 'BLACK', 'FORD', 'F150');

INSERT INTO SHOP (SHOP_ID, SHOP_NAME, ZIPCODE, AREA, PHONE, OPEN_TIME, CLOSE_TIME, REVIEWS, RATING, SHOP_TYPE) VALUES ('R100', 'HELLO INDIA', 75252, 'RICHARDSON', 9876543210, '10:00', '22:00', 'GOOD FOOD TASTE', 4, 'RESTAURANT');
INSERT INTO SHOP (SHOP_ID, SHOP_NAME, ZIPCODE, AREA, PHONE, OPEN_TIME, CLOSE_TIME, REVIEWS, RATING, SHOP_TYPE) VALUES ('R101', 'BAWARCHI', 75250, 'RICHARDSON', 9123234345, '10:00', '22:00', 'NICE TASTE', 5, 'RESTAURANT');
INSERT INTO SHOP (SHOP_ID, SHOP_NAME, ZIPCODE, AREA, PHONE, OPEN_TIME, CLOSE_TIME, REVIEWS, RATING, SHOP_TYPE) VALUES ('R102', 'TEXMEX', 75605, 'IRVING', 8345456567, '10:00', '22:00', 'BLANT TASTE FOOD', 3, 'RESTAURANT');
INSERT INTO SHOP (SHOP_ID, SHOP_NAME, ZIPCODE, AREA, PHONE, OPEN_TIME, CLOSE_TIME, REVIEWS, RATING, SHOP_TYPE) VALUES ('R103', 'CHIC-FIL-A', 75602, 'IRVING', 9345234456, '10:00', '22:00', 'GOOD FOOD TASTE', 5, 'RESTAURANT');
INSERT INTO SHOP (SHOP_ID, SHOP_NAME, ZIPCODE, AREA, PHONE, OPEN_TIME, CLOSE_TIME, REVIEWS, RATING, SHOP_TYPE) VALUES ('S100', 'PATEL BROTHERS', 75248, 'RICHARDSON', 7798678765, '10:00', '22:00', 'FRESH VEGITABLES', 5, 'SUPERMARKET');
INSERT INTO SHOP (SHOP_ID, SHOP_NAME, ZIPCODE, AREA, PHONE, OPEN_TIME, CLOSE_TIME, REVIEWS, RATING, SHOP_TYPE) VALUES ('S101', 'INDIAN PLACE', 75601, 'IRVING', 9871243234, '10:00', '22:00', 'BAD PRODUCTS', 1, 'SUPERMARKET');

INSERT INTO CONTRACT (AREA_MNGR_ID, SHOP_ID, TENURE) VALUES ('E077', 'R100', 4);
INSERT INTO CONTRACT (AREA_MNGR_ID, SHOP_ID, TENURE) VALUES ('E077', 'R101', 10);
INSERT INTO CONTRACT (AREA_MNGR_ID, SHOP_ID, TENURE) VALUES ('E107', 'R102', 2);
INSERT INTO CONTRACT (AREA_MNGR_ID, SHOP_ID, TENURE) VALUES ('E107', 'R103', 6);
INSERT INTO CONTRACT (AREA_MNGR_ID, SHOP_ID, TENURE) VALUES ('E077', 'S100', 8);
INSERT INTO CONTRACT (AREA_MNGR_ID, SHOP_ID, TENURE) VALUES ('E107', 'S101', 15);

INSERT INTO PROMOTION (PROMOCODE, SHOP_ID, PROMO_DESC) VALUES ('THANKS2022HELLO', 'R100', 'SPL THANKS GIVING OFFER');
INSERT INTO PROMOTION (PROMOCODE, SHOP_ID, PROMO_DESC) VALUES ('NEW50', 'R100', '50% OFF ON FIRST ORDER');
INSERT INTO PROMOTION (PROMOCODE, SHOP_ID, PROMO_DESC) VALUES ('BOA2022', 'R100', 'BANK OF AMERICA PROMOTIONAL OFFER');
INSERT INTO PROMOTION (PROMOCODE, SHOP_ID, PROMO_DESC) VALUES ('NEWUSER', 'R100', 'NEW USER PROMOTION');
INSERT INTO PROMOTION (PROMOCODE, SHOP_ID, PROMO_DESC) VALUES ('THANKS2022BAWARCHI', 'R101', 'SPL THANKS GIVING OFFER');
INSERT INTO PROMOTION (PROMOCODE, SHOP_ID, PROMO_DESC) VALUES ('NEW YEAR 2022', 'R101', 'SPL NEW YEAR OFFER');
INSERT INTO PROMOTION (PROMOCODE, SHOP_ID, PROMO_DESC) VALUES ('NEW10', 'R101', '10% OFF ON FIRST ORDER');
INSERT INTO PROMOTION (PROMOCODE, SHOP_ID, PROMO_DESC) VALUES ('THANKS2022TEXMEX', 'R102', 'SPL THANKS GIVING OFFER');
INSERT INTO PROMOTION (PROMOCODE, SHOP_ID, PROMO_DESC) VALUES ('THANKS2022CHIC', 'R103', 'SPL THANKS GIVING OFFER');
INSERT INTO PROMOTION (PROMOCODE, SHOP_ID, PROMO_DESC) VALUES ('THANKS2022PATEL', 'S100', 'SPL THANKS GIVING OFFER');
INSERT INTO PROMOTION (PROMOCODE, SHOP_ID, PROMO_DESC) VALUES ('PATEL50', 'S100', '10% OFF UPTO $10');
INSERT INTO PROMOTION (PROMOCODE, SHOP_ID, PROMO_DESC) VALUES ('THANKS2022INDIAN', 'S101', 'SPL THANKS GIVING OFFER');

INSERT INTO RESTAURANT (SHOP_ID) VALUES ('R100');
INSERT INTO RESTAURANT (SHOP_ID) VALUES ('R101');
INSERT INTO RESTAURANT (SHOP_ID) VALUES ('R102');
INSERT INTO RESTAURANT (SHOP_ID) VALUES ('R103');

INSERT INTO SUPERMARKET (SHOP_ID) VALUES ('S100');
INSERT INTO SUPERMARKET (SHOP_ID) VALUES ('S101');

INSERT INTO CUISINE (SHOP_ID, CUISINE_TYPE) VALUES ('R100', 'INDIAN');
INSERT INTO CUISINE (SHOP_ID, CUISINE_TYPE) VALUES ('R101', 'HYDERABADI');
INSERT INTO CUISINE (SHOP_ID, CUISINE_TYPE) VALUES ('R102', 'MEXICAN');
INSERT INTO CUISINE (SHOP_ID, CUISINE_TYPE) VALUES ('R103', 'FAST FOOD');

INSERT INTO FOOD_ITEM (SHOP_ID, ITEM_ID, FOOD_NAME, FOOD_DESC, PRICE) VALUES ('R100', 'HI100', 'VIJAYAWADA DUM BIRYANI', 'VIJAYAWADA STYLE BIRYANI', 22);
INSERT INTO FOOD_ITEM (SHOP_ID, ITEM_ID, FOOD_NAME, FOOD_DESC, PRICE) VALUES ('R100', 'HI101', 'CHICKEN FRY PEICE BIRYANI', 'HYDERABADI STYLE DUM', 15);
INSERT INTO FOOD_ITEM (SHOP_ID, ITEM_ID, FOOD_NAME, FOOD_DESC, PRICE) VALUES ('R101', 'BW100', 'SIXER CHICKEN', 'SPICY CHICKEN STARTER', 17);
INSERT INTO FOOD_ITEM (SHOP_ID, ITEM_ID, FOOD_NAME, FOOD_DESC, PRICE) VALUES ('R101', 'BW101', 'SPL CHICKEN BIRYANI', 'BAWARCHI SPECIAL BIRYANI', 18);
INSERT INTO FOOD_ITEM (SHOP_ID, ITEM_ID, FOOD_NAME, FOOD_DESC, PRICE) VALUES ('R102', 'TM100', 'TORTILLA SOUP', 'TOPPED WITH CRISPY TORTILLA STRIPS, CHEESE', 10);
INSERT INTO FOOD_ITEM (SHOP_ID, ITEM_ID, FOOD_NAME, FOOD_DESC, PRICE) VALUES ('R102', 'TM101', 'QUESADILLA', 'SERVED WITH GUACAMOLE, PICO DE GALLO AND CREAM', 12);
INSERT INTO FOOD_ITEM (SHOP_ID, ITEM_ID, FOOD_NAME, FOOD_DESC, PRICE) VALUES ('R103', 'CFA100', 'CHICKEN SANDWICH - DELUXE', '440 CAL PER SANDWICH', 7);
INSERT INTO FOOD_ITEM (SHOP_ID, ITEM_ID, FOOD_NAME, FOOD_DESC, PRICE) VALUES ('R103', 'CFA101', 'GRILLED CHICKEN CLUB SANDWICH', '520 CAL PER SANDWICH', 9);

INSERT INTO PRODUCT (PROD_ID, PROD_NAME, PROD_DESC) VALUES ('S100P100', 'OLD SPICE PERFUME', 'TRADITIONAL FRAGANCE');
INSERT INTO PRODUCT (PROD_ID, PROD_NAME, PROD_DESC) VALUES ('S100P101', 'DOVE SOAP BAR', 'ROSE MILK PINK');
INSERT INTO PRODUCT (PROD_ID, PROD_NAME, PROD_DESC) VALUES ('S100P102', 'PURIFIED WATER', 'TOP QUALITY PURIFIED WATER');
INSERT INTO PRODUCT (PROD_ID, PROD_NAME, PROD_DESC) VALUES ('S101P100', 'AIRPODS PRO', 'ALL NEW AIRPODS PRO WITH ANC');
INSERT INTO PRODUCT (PROD_ID, PROD_NAME, PROD_DESC) VALUES ('S101P101', 'ONIONS', 'YELLOW ONIONS ORGANIC 3 LB');
INSERT INTO PRODUCT (PROD_ID, PROD_NAME, PROD_DESC) VALUES ('S101P102', 'KIRKLAND WHOLE MILK', 'WHOLE HEALTHY MILK');
INSERT INTO PRODUCT (PROD_ID, PROD_NAME, PROD_DESC) VALUES ('S100P103', 'PURIFIED WATER', 'TOP QUALITY PURIFIED WATER');

INSERT INTO SELLS (SHOP_ID, PROD_ID, QUANTITY, PRICE) VALUES ('S100', 'S100P100', 50, 2);
INSERT INTO SELLS (SHOP_ID, PROD_ID, QUANTITY, PRICE) VALUES ('S100', 'S100P101', 30, 5);
INSERT INTO SELLS (SHOP_ID, PROD_ID, QUANTITY, PRICE) VALUES ('S100', 'S100P102', 26, 4);
INSERT INTO SELLS (SHOP_ID, PROD_ID, QUANTITY, PRICE) VALUES ('S101', 'S101P100', 18, 200);
INSERT INTO SELLS (SHOP_ID, PROD_ID, QUANTITY, PRICE) VALUES ('S101', 'S101P101', 27, 3);
INSERT INTO SELLS (SHOP_ID, PROD_ID, QUANTITY, PRICE) VALUES ('S101', 'S101P102', 15, 3);
INSERT INTO SELLS (SHOP_ID, PROD_ID, QUANTITY, PRICE) VALUES ('S100', 'S101P102', 15, 3);

INSERT INTO ORDERS (ORDER_ID, PAYMENT_ID, PAYMENT_TYPE, CONFIRMATION, ORDER_DETAILS) VALUES ('ORDER100', '100001', 'CREDIT CARD', TRUE, 'S100P100 - $2.49');
INSERT INTO ORDERS (ORDER_ID, PAYMENT_ID, PAYMENT_TYPE, CONFIRMATION, ORDER_DETAILS) VALUES ('ORDER101', '100002', 'CREDIT CARD', TRUE, 'S100P101 - $5.48');
INSERT INTO ORDERS (ORDER_ID, PAYMENT_ID, PAYMENT_TYPE, CONFIRMATION, ORDER_DETAILS) VALUES ('ORDER102', '100003', 'DEBIT CARD', TRUE, 'HI101 - $15.25');
INSERT INTO ORDERS (ORDER_ID, PAYMENT_ID, PAYMENT_TYPE, CONFIRMATION, ORDER_DETAILS) VALUES ('ORDER103', '100004', 'GIFT CARD', TRUE, 'BW100 - $17.99');
INSERT INTO ORDERS (ORDER_ID, PAYMENT_ID, PAYMENT_TYPE, CONFIRMATION, ORDER_DETAILS) VALUES ('ORDER104', '100005', 'E-WALLET', FALSE, 'TM101 - $11.75');
INSERT INTO ORDERS (ORDER_ID, PAYMENT_ID, PAYMENT_TYPE, CONFIRMATION, ORDER_DETAILS) VALUES ('ORDER105', '100006', 'CREDIT CARD', TRUE, 'CFA100 - $7.29');
/* ADDITIONAL */
INSERT INTO ORDERS (ORDER_ID, PAYMENT_ID, PAYMENT_TYPE, CONFIRMATION, ORDER_DETAILS) VALUES ('ORDER106', '100007', 'CREDIT CARD', TRUE, 'S100P100 - $2.49');
INSERT INTO ORDERS (ORDER_ID, PAYMENT_ID, PAYMENT_TYPE, CONFIRMATION, ORDER_DETAILS) VALUES ('ORDER107', '100008', 'CREDIT CARD', TRUE, 'S100P101 - $5.48');
INSERT INTO ORDERS (ORDER_ID, PAYMENT_ID, PAYMENT_TYPE, CONFIRMATION, ORDER_DETAILS) VALUES ('ORDER108', '100009', 'DEBIT CARD', TRUE, 'HI101 - $15.25');
INSERT INTO ORDERS (ORDER_ID, PAYMENT_ID, PAYMENT_TYPE, CONFIRMATION, ORDER_DETAILS) VALUES ('ORDER109', '100010', 'E-WALLET', TRUE, 'BW100 - $17.99');
INSERT INTO ORDERS (ORDER_ID, PAYMENT_ID, PAYMENT_TYPE, CONFIRMATION, ORDER_DETAILS) VALUES ('ORDER110', '100011', 'CREDIT CARD', FALSE, 'TM101 - $11.75');
INSERT INTO ORDERS (ORDER_ID, PAYMENT_ID, PAYMENT_TYPE, CONFIRMATION, ORDER_DETAILS) VALUES ('ORDER111', '100012', 'CREDIT CARD', TRUE, 'CFA100 - $7.29');
INSERT INTO ORDERS (ORDER_ID, PAYMENT_ID, PAYMENT_TYPE, CONFIRMATION, ORDER_DETAILS) VALUES ('ORDER112', '100013', 'CREDIT CARD', TRUE, 'S100P100 - $2.49');
INSERT INTO ORDERS (ORDER_ID, PAYMENT_ID, PAYMENT_TYPE, CONFIRMATION, ORDER_DETAILS) VALUES ('ORDER113', '100014', 'CREDIT CARD', TRUE, 'S100P101 - $5.48');
INSERT INTO ORDERS (ORDER_ID, PAYMENT_ID, PAYMENT_TYPE, CONFIRMATION, ORDER_DETAILS) VALUES ('ORDER114', '100015', 'CREDIT CARD', TRUE, 'HI101 - $15.25');
INSERT INTO ORDERS (ORDER_ID, PAYMENT_ID, PAYMENT_TYPE, CONFIRMATION, ORDER_DETAILS) VALUES ('ORDER115', '100016', 'GIFT CARD', TRUE, 'BW100 - $17.99');
INSERT INTO ORDERS (ORDER_ID, PAYMENT_ID, PAYMENT_TYPE, CONFIRMATION, ORDER_DETAILS) VALUES ('ORDER116', '100017', 'CREDIT CARD', FALSE, 'TM101 - $11.75');
INSERT INTO ORDERS (ORDER_ID, PAYMENT_ID, PAYMENT_TYPE, CONFIRMATION, ORDER_DETAILS) VALUES ('ORDER117', '100018', 'CREDIT CARD', TRUE, 'CFA100 - $7.29');
INSERT INTO ORDERS (ORDER_ID, PAYMENT_ID, PAYMENT_TYPE, CONFIRMATION, ORDER_DETAILS) VALUES ('ORDER118', '100019', 'CREDIT CARD', TRUE, 'BW100 - $17.99');
INSERT INTO ORDERS (ORDER_ID, PAYMENT_ID, PAYMENT_TYPE, CONFIRMATION, ORDER_DETAILS) VALUES ('ORDER119', '100020', 'CREDIT CARD', FALSE, 'TM101 - $11.75');
INSERT INTO ORDERS (ORDER_ID, PAYMENT_ID, PAYMENT_TYPE, CONFIRMATION, ORDER_DETAILS) VALUES ('ORDER120', '100021', 'CREDIT CARD', TRUE, 'CFA100 - $7.29');
/* ADDITIONAL MORE */
INSERT INTO ORDERS (ORDER_ID, PAYMENT_ID, PAYMENT_TYPE, CONFIRMATION, ORDER_DETAILS) VALUES ('ORDER121', '100022', 'CREDIT CARD', FALSE, 'TM100 - $10');
INSERT INTO ORDERS (ORDER_ID, PAYMENT_ID, PAYMENT_TYPE, CONFIRMATION, ORDER_DETAILS) VALUES ('ORDER122', '100023', 'CREDIT CARD', TRUE, 'TM101 - $12');
INSERT INTO ORDERS (ORDER_ID, PAYMENT_ID, PAYMENT_TYPE, CONFIRMATION, ORDER_DETAILS) VALUES ('ORDER123', '100024', 'CREDIT CARD', TRUE, 'HI100 - $22');
INSERT INTO ORDERS (ORDER_ID, PAYMENT_ID, PAYMENT_TYPE, CONFIRMATION, ORDER_DETAILS) VALUES ('ORDER124', '100025', 'CREDIT CARD', FALSE, 'CFA100 - $7');
INSERT INTO ORDERS (ORDER_ID, PAYMENT_ID, PAYMENT_TYPE, CONFIRMATION, ORDER_DETAILS) VALUES ('ORDER125', '100026', 'CREDIT CARD', TRUE, 'BW100 - $17');

INSERT INTO DELADDRESS (CUST_ID, ADDRESS) VALUES ('17MIS7103', '7575 ESTATES ON FRANKFORD APT 1521');
INSERT INTO DELADDRESS (CUST_ID, ADDRESS) VALUES ('17MIS7156', '1400 ST LOUIS IRVING 70591');
INSERT INTO DELADDRESS (CUST_ID, ADDRESS) VALUES ('17MIS7122', '4455 OHIO DR RD APT 3100');
INSERT INTO DELADDRESS (CUST_ID, ADDRESS) VALUES ('17MIS7120', '7420 PARK RIVER RD');

INSERT INTO PAYMENTINFO (CUST_ID, PAYMENT_DETAILS) VALUES ('17MIS7103', 'AMEX BLUE CASH EVERYDAY 1100 345623 1234');
INSERT INTO PAYMENTINFO (CUST_ID, PAYMENT_DETAILS) VALUES ('17MIS7156', 'CHASE SAPPHIRE 4563 3344 90221');
INSERT INTO PAYMENTINFO (CUST_ID, PAYMENT_DETAILS) VALUES ('17MIS7120', 'BANK OF AMERICA 4453 345623 3100');
INSERT INTO PAYMENTINFO (CUST_ID, PAYMENT_DETAILS) VALUES ('17MIS7122', 'VISA GIFT CARD PREPAID 2210 54234 1234');
/*ADDITIONAL*/
INSERT INTO PAYMENTINFO (CUST_ID, PAYMENT_DETAILS) VALUES ('17MIS7122', 'PAYPAL 1200284839');

INSERT INTO ORDINARY_CUST (CUST_ID) VALUES ('17MIS7156');

INSERT INTO SILVER_CUST (CUST_ID, MEMBERSHIP_ID) VALUES ('17MIS7103', 'CUST1000');
INSERT INTO SILVER_CUST (CUST_ID, MEMBERSHIP_ID) VALUES ('17MIS7120', 'CUST1001');
INSERT INTO SILVER_CUST (CUST_ID, MEMBERSHIP_ID) VALUES ('17MIS7122', 'CUST1002');

INSERT INTO ORDER_RELATION (ORDER_ID, CUST_ID, PROMOCODE, SHOP_ID) VALUES ('ORDER100', '17MIS7103', 'THANKS2022PATEL', 'S100');
INSERT INTO ORDER_RELATION (ORDER_ID, CUST_ID, PROMOCODE, SHOP_ID) VALUES ('ORDER101', '17MIS7156', 'THANKS2022INDIAN', 'S101');
INSERT INTO ORDER_RELATION (ORDER_ID, CUST_ID, PROMOCODE, SHOP_ID) VALUES ('ORDER102', '17MIS7120', 'THANKS2022HELLO', 'R100');
INSERT INTO ORDER_RELATION (ORDER_ID, CUST_ID, PROMOCODE, SHOP_ID) VALUES ('ORDER103', '17MIS7122', 'THANKS2022BAWARCHI', 'R101');
INSERT INTO ORDER_RELATION (ORDER_ID, CUST_ID, PROMOCODE, SHOP_ID) VALUES ('ORDER104', '17MIS7103', 'THANKS2022TEXMEX', 'S100');
INSERT INTO ORDER_RELATION (ORDER_ID, CUST_ID, PROMOCODE, SHOP_ID) VALUES ('ORDER105', '17MIS7156', 'THANKS2022CHIC', 'S100');
/*ADDITIONAL*/
INSERT INTO ORDER_RELATION (ORDER_ID, CUST_ID, PROMOCODE, SHOP_ID) VALUES ('ORDER106', '17MIS7103', 'THANKS2022PATEL', 'S100');
INSERT INTO ORDER_RELATION (ORDER_ID, CUST_ID, PROMOCODE, SHOP_ID) VALUES ('ORDER107', '17MIS7156', 'THANKS2022INDIAN', 'S100');
INSERT INTO ORDER_RELATION (ORDER_ID, CUST_ID, PROMOCODE, SHOP_ID) VALUES ('ORDER108', '17MIS7103', 'THANKS2022HELLO', 'R100');
INSERT INTO ORDER_RELATION (ORDER_ID, CUST_ID, PROMOCODE, SHOP_ID) VALUES ('ORDER109', '17MIS7122', 'THANKS2022BAWARCHI', 'R101');
INSERT INTO ORDER_RELATION (ORDER_ID, CUST_ID, PROMOCODE, SHOP_ID) VALUES ('ORDER110', '17MIS7103', 'THANKS2022TEXMEX', 'R102');
INSERT INTO ORDER_RELATION (ORDER_ID, CUST_ID, PROMOCODE, SHOP_ID) VALUES ('ORDER111', '17MIS7156', 'THANKS2022CHIC', 'R103');
INSERT INTO ORDER_RELATION (ORDER_ID, CUST_ID, PROMOCODE, SHOP_ID) VALUES ('ORDER112', '17MIS7103', 'THANKS2022PATEL', 'S100');
INSERT INTO ORDER_RELATION (ORDER_ID, CUST_ID, PROMOCODE, SHOP_ID) VALUES ('ORDER113', '17MIS7156', 'THANKS2022INDIAN', 'S100');
INSERT INTO ORDER_RELATION (ORDER_ID, CUST_ID, PROMOCODE, SHOP_ID) VALUES ('ORDER114', '17MIS7103', 'THANKS2022HELLO', 'R100');
INSERT INTO ORDER_RELATION (ORDER_ID, CUST_ID, PROMOCODE, SHOP_ID) VALUES ('ORDER115', '17MIS7122', 'THANKS2022BAWARCHI', 'R101');
INSERT INTO ORDER_RELATION (ORDER_ID, CUST_ID, PROMOCODE, SHOP_ID) VALUES ('ORDER116', '17MIS7103', 'THANKS2022TEXMEX', 'R102');
INSERT INTO ORDER_RELATION (ORDER_ID, CUST_ID, PROMOCODE, SHOP_ID) VALUES ('ORDER117', '17MIS7156', 'THANKS2022CHIC', 'R103');
INSERT INTO ORDER_RELATION (ORDER_ID, CUST_ID, PROMOCODE, SHOP_ID) VALUES ('ORDER118', '17MIS7103', 'THANKS2022BAWARCHI', 'R101');
INSERT INTO ORDER_RELATION (ORDER_ID, CUST_ID, PROMOCODE, SHOP_ID) VALUES ('ORDER119', '17MIS7103', 'THANKS2022TEXMEX', 'R102');
INSERT INTO ORDER_RELATION (ORDER_ID, CUST_ID, PROMOCODE, SHOP_ID) VALUES ('ORDER120', '17MIS7156', 'THANKS2022CHIC', 'R103');
/*ADDITIONAL MORE*/
INSERT INTO ORDER_RELATION (ORDER_ID, CUST_ID, PROMOCODE, SHOP_ID) VALUES ('ORDER121', '17MIS7156', 'THANKS2022TEXMEX', 'R102');
INSERT INTO ORDER_RELATION (ORDER_ID, CUST_ID, PROMOCODE, SHOP_ID) VALUES ('ORDER122', '17MIS7156', 'THANKS2022TEXMEX', 'R102');
INSERT INTO ORDER_RELATION (ORDER_ID, CUST_ID, PROMOCODE, SHOP_ID) VALUES ('ORDER123', '17MIS7156', 'THANKS2022HELLO', 'R100');
INSERT INTO ORDER_RELATION (ORDER_ID, CUST_ID, PROMOCODE, SHOP_ID) VALUES ('ORDER124', '17MIS7156', 'THANKS2022CHIC', 'R103');
INSERT INTO ORDER_RELATION (ORDER_ID, CUST_ID, PROMOCODE, SHOP_ID) VALUES ('ORDER125', '17MIS7156', 'THANKS2022BAWARCHI', 'R101');

INSERT INTO DELIVERY (ORDER_ID, DLVER_ID) VALUES ('ORDER100', 'E089');
INSERT INTO DELIVERY (ORDER_ID, DLVER_ID) VALUES ('ORDER101', 'E089');
INSERT INTO DELIVERY (ORDER_ID, DLVER_ID) VALUES ('ORDER102', 'E001');
INSERT INTO DELIVERY (ORDER_ID, DLVER_ID) VALUES ('ORDER103', 'E021');
INSERT INTO DELIVERY (ORDER_ID, DLVER_ID) VALUES ('ORDER104', 'E006');
INSERT INTO DELIVERY (ORDER_ID, DLVER_ID) VALUES ('ORDER105', 'E006');
/* ADDITIONAL */
INSERT INTO DELIVERY (ORDER_ID, DLVER_ID) VALUES ('ORDER106', 'E089');
INSERT INTO DELIVERY (ORDER_ID, DLVER_ID) VALUES ('ORDER107', 'E089');
INSERT INTO DELIVERY (ORDER_ID, DLVER_ID) VALUES ('ORDER108', 'E001');
INSERT INTO DELIVERY (ORDER_ID, DLVER_ID) VALUES ('ORDER109', 'E021');
INSERT INTO DELIVERY (ORDER_ID, DLVER_ID) VALUES ('ORDER110', 'E006');
INSERT INTO DELIVERY (ORDER_ID, DLVER_ID) VALUES ('ORDER111', 'E006');
INSERT INTO DELIVERY (ORDER_ID, DLVER_ID) VALUES ('ORDER112', 'E089');
INSERT INTO DELIVERY (ORDER_ID, DLVER_ID) VALUES ('ORDER113', 'E089');
INSERT INTO DELIVERY (ORDER_ID, DLVER_ID) VALUES ('ORDER114', 'E001');
INSERT INTO DELIVERY (ORDER_ID, DLVER_ID) VALUES ('ORDER115', 'E021');
INSERT INTO DELIVERY (ORDER_ID, DLVER_ID) VALUES ('ORDER116', 'E006');
INSERT INTO DELIVERY (ORDER_ID, DLVER_ID) VALUES ('ORDER117', 'E006');
INSERT INTO DELIVERY (ORDER_ID, DLVER_ID) VALUES ('ORDER118', 'E021');
INSERT INTO DELIVERY (ORDER_ID, DLVER_ID) VALUES ('ORDER119', 'E006');
INSERT INTO DELIVERY (ORDER_ID, DLVER_ID) VALUES ('ORDER120', 'E006');
INSERT INTO DELIVERY (ORDER_ID, DLVER_ID) VALUES ('ORDER121', 'E006');
INSERT INTO DELIVERY (ORDER_ID, DLVER_ID) VALUES ('ORDER122', 'E021');
INSERT INTO DELIVERY (ORDER_ID, DLVER_ID) VALUES ('ORDER123', 'E001');
INSERT INTO DELIVERY (ORDER_ID, DLVER_ID) VALUES ('ORDER124', 'E006');
INSERT INTO DELIVERY (ORDER_ID, DLVER_ID) VALUES ('ORDER125', 'E006');

SELECT * FROM PREMIUM;